MAINTENANCE_ID,PLANE_ID,EMPLOYEE_ID,DEPARTMENT,OUT_OF_SERVICE,BACK_TO_SERVICE
118,445,299,MECHANICAL DEPT.,26-Apr-07,9/26/2007 21:32
405,874,327,SOFTWARE DEPT.,16-Jan-08,5/16/2008 7:56
770,951,380,SOFTWARE DEPT.,9-Feb-07,4/9/2007 10:53
476,857,194,ELECTRICAL DEPT.,24-Oct-01,11/24/2001 14:17
888,926,306,MECHANICAL DEPT.,13-Aug-17,9/13/2017 11:21
16,862,302,MECHANICAL DEPT.,8-Jul-08,10/8/2008 4:33
182,159,151,ELECTRICAL DEPT.,25-Nov-08,3/25/2009 15:31
190,306,199,ELECTRICAL DEPT.,26-Oct-13,12/26/2013 4:56
711,781,171,ELECTRICAL DEPT.,15-Jul-04,8/15/2004 8:39
156,559,342,SOFTWARE DEPT.,21-Nov-99,1/21/2000 12:34
303,473,241,MECHANICAL DEPT.,13-Dec-09,3/13/2010 23:20
268,433,366,SOFTWARE DEPT.,11-Jan-04,4/11/2004 22:17
436,116,386,SOFTWARE DEPT.,1-Nov-10,1/1/2011 2:50
130,406,183,ELECTRICAL DEPT.,9-Feb-09,6/9/2009 6:55
56,293,153,ELECTRICAL DEPT.,9-Nov-05,4/9/2006 16:58
445,190,342,SOFTWARE DEPT.,11-Sep-01,11/11/2001 16:02
365,301,184,ELECTRICAL DEPT.,29-Sep-04,1/29/2005 1:26
250,603,135,ELECTRICAL DEPT.,29-Jun-99,11/29/1999 6:37
591,669,294,MECHANICAL DEPT.,14-Apr-03,6/14/2003 23:35
460,203,292,MECHANICAL DEPT.,3-Dec-04,5/3/2005 0:31
135,410,159,ELECTRICAL DEPT.,3-Nov-99,4/3/2000 20:24
262,320,334,SOFTWARE DEPT.,11-Jul-04,9/11/2004 0:05
8,324,232,MECHANICAL DEPT.,6-Jun-12,11/6/2012 3:04
357,205,137,ELECTRICAL DEPT.,2-May-07,9/2/2007 8:43
423,929,194,ELECTRICAL DEPT.,31-Dec-12,3/31/2013 15:45
214,38,373,SOFTWARE DEPT.,9-Jan-02,6/9/2002 22:19
32,779,226,MECHANICAL DEPT.,4-Dec-15,1/4/2016 17:20
525,269,342,SOFTWARE DEPT.,16-Sep-06,11/16/2006 0:00
685,746,339,SOFTWARE DEPT.,24-Sep-16,1/24/2017 14:26
540,71,272,MECHANICAL DEPT.,13-Jul-01,10/13/2001 1:42
135,183,178,ELECTRICAL DEPT.,5-Dec-98,5/5/1999 20:18
293,450,289,MECHANICAL DEPT.,29-Mar-07,8/29/2007 5:35
166,747,192,ELECTRICAL DEPT.,12-Jun-07,10/12/2007 5:56
992,838,239,MECHANICAL DEPT.,9-Sep-02,12/9/2002 19:48
600,438,324,SOFTWARE DEPT.,20-Dec-02,1/20/2003 17:43
418,441,136,ELECTRICAL DEPT.,3-May-17,8/3/2017 15:30
595,240,256,MECHANICAL DEPT.,9-Dec-14,2/9/2015 23:11
181,220,324,SOFTWARE DEPT.,24-Jun-04,9/24/2004 23:36
716,934,226,MECHANICAL DEPT.,25-Jul-03,10/25/2003 20:43
169,831,243,MECHANICAL DEPT.,22-Jan-99,5/22/1999 16:31
175,797,356,SOFTWARE DEPT.,18-Feb-15,6/18/2015 8:29
96,881,297,MECHANICAL DEPT.,4-Nov-98,4/4/1999 1:55
635,385,285,MECHANICAL DEPT.,16-Sep-03,1/16/2004 17:12
608,628,227,MECHANICAL DEPT.,14-Aug-16,12/14/2016 18:27
646,611,198,ELECTRICAL DEPT.,13-Jul-06,9/13/2006 11:28
647,146,376,SOFTWARE DEPT.,6-May-02,6/6/2002 14:23
613,131,353,SOFTWARE DEPT.,19-Oct-06,1/19/2007 11:05
251,531,284,MECHANICAL DEPT.,18-Apr-03,8/18/2003 22:58
961,151,313,SOFTWARE DEPT.,23-Dec-04,5/23/2005 3:03
335,214,243,MECHANICAL DEPT.,3-Jan-10,3/3/2010 1:25
754,992,136,ELECTRICAL DEPT.,3-Feb-01,5/3/2001 17:40
473,120,222,MECHANICAL DEPT.,13-Mar-06,4/13/2006 8:56
77,161,330,SOFTWARE DEPT.,12-Jan-17,3/12/2017 17:07
852,199,151,ELECTRICAL DEPT.,21-Aug-16,9/21/2016 7:24
482,61,331,SOFTWARE DEPT.,22-Jul-06,8/22/2006 4:31
578,453,205,ELECTRICAL DEPT.,13-Nov-01,2/13/2002 18:53
202,769,319,SOFTWARE DEPT.,20-Jun-99,8/20/1999 2:20
193,831,282,MECHANICAL DEPT.,25-Dec-99,4/25/2000 15:20
936,540,367,SOFTWARE DEPT.,25-Nov-05,12/25/2005 17:22
648,603,353,SOFTWARE DEPT.,27-Jan-12,6/27/2012 14:20
914,997,321,SOFTWARE DEPT.,30-Jul-12,10/30/2012 12:00
232,985,350,SOFTWARE DEPT.,31-Aug-02,10/31/2002 12:00
558,180,173,ELECTRICAL DEPT.,25-Feb-14,5/25/2014 0:32
481,183,304,MECHANICAL DEPT.,13-May-09,10/13/2009 9:33
856,431,188,ELECTRICAL DEPT.,6-Dec-00,2/6/2001 13:45
77,301,239,MECHANICAL DEPT.,21-Oct-98,2/21/1999 0:17
752,551,240,MECHANICAL DEPT.,13-Oct-05,1/13/2006 5:43
784,636,375,SOFTWARE DEPT.,26-Nov-03,3/26/2004 3:24
364,1000,363,SOFTWARE DEPT.,22-Aug-98,11/22/1998 0:57
910,376,369,SOFTWARE DEPT.,25-Feb-04,6/25/2004 6:32
381,887,341,SOFTWARE DEPT.,17-Aug-14,11/17/2014 20:16
169,938,398,SOFTWARE DEPT.,6-Oct-00,11/6/2000 13:37
103,384,348,SOFTWARE DEPT.,19-Sep-05,11/19/2005 6:02
964,632,354,SOFTWARE DEPT.,3-Jan-16,4/3/2016 20:06
25,291,307,MECHANICAL DEPT.,14-Sep-04,1/14/2005 11:46
884,424,161,ELECTRICAL DEPT.,23-May-10,10/23/2010 1:44
422,750,176,ELECTRICAL DEPT.,4-Apr-05,7/4/2005 13:20
134,175,366,SOFTWARE DEPT.,12-Jun-04,8/12/2004 20:02
987,574,396,SOFTWARE DEPT.,22-May-00,8/22/2000 22:12
163,864,329,SOFTWARE DEPT.,27-May-00,6/27/2000 17:30
3,893,344,SOFTWARE DEPT.,2-Feb-17,4/2/2017 0:59
698,814,294,MECHANICAL DEPT.,4-May-98,6/4/1998 4:19
860,558,276,MECHANICAL DEPT.,5-Aug-08,10/5/2008 16:30
303,25,190,ELECTRICAL DEPT.,21-Aug-98,1/21/1999 6:47
757,25,305,MECHANICAL DEPT.,17-Jun-08,8/17/2008 19:00
196,300,146,ELECTRICAL DEPT.,27-Nov-04,4/27/2005 8:23
646,674,392,SOFTWARE DEPT.,24-Mar-10,8/24/2010 18:02
364,721,284,MECHANICAL DEPT.,9-Jul-08,10/9/2008 20:12
609,247,287,MECHANICAL DEPT.,14-Jul-11,10/14/2011 11:59
539,320,259,MECHANICAL DEPT.,8-May-09,6/8/2009 10:25
357,353,351,SOFTWARE DEPT.,19-Jul-01,10/19/2001 1:57
620,376,384,SOFTWARE DEPT.,19-Feb-14,6/19/2014 21:31
778,995,247,MECHANICAL DEPT.,31-Oct-08,11/30/2008 4:34
800,748,260,MECHANICAL DEPT.,7-Aug-03,11/7/2003 14:26
411,525,316,SOFTWARE DEPT.,24-Jul-15,10/24/2015 9:26
889,706,291,MECHANICAL DEPT.,24-May-00,7/24/2000 19:43
349,276,137,ELECTRICAL DEPT.,20-Nov-02,12/20/2002 11:28
683,367,136,ELECTRICAL DEPT.,16-Sep-08,11/16/2008 17:09
207,249,268,MECHANICAL DEPT.,14-Aug-98,12/14/1998 10:46
528,193,167,ELECTRICAL DEPT.,29-Jun-15,8/29/2015 13:13
23,164,204,ELECTRICAL DEPT.,9-Aug-06,11/9/2006 14:17
164,582,157,ELECTRICAL DEPT.,22-Aug-17,10/22/2017 12:20
595,555,359,SOFTWARE DEPT.,13-Jan-06,5/13/2006 16:52
860,358,327,SOFTWARE DEPT.,29-Mar-99,4/29/1999 0:36
468,932,395,SOFTWARE DEPT.,25-Oct-10,1/25/2011 14:02
991,475,192,ELECTRICAL DEPT.,28-Nov-07,12/28/2007 19:53
740,474,355,SOFTWARE DEPT.,12-Dec-10,2/12/2011 9:08
546,732,266,MECHANICAL DEPT.,4-Feb-17,3/4/2017 20:06
940,383,337,SOFTWARE DEPT.,14-Feb-15,6/14/2015 19:02
87,167,215,ELECTRICAL DEPT.,17-May-02,9/17/2002 15:40
349,616,241,MECHANICAL DEPT.,17-May-09,10/17/2009 7:43
155,435,299,MECHANICAL DEPT.,1-Oct-14,1/1/2015 8:15
726,614,363,SOFTWARE DEPT.,15-Apr-06,6/15/2006 8:43
432,893,379,SOFTWARE DEPT.,20-Sep-12,11/20/2012 5:52
97,950,247,MECHANICAL DEPT.,21-Jan-02,2/21/2002 19:55
616,926,161,ELECTRICAL DEPT.,14-Feb-05,5/14/2005 20:18
340,112,287,MECHANICAL DEPT.,12-Jan-99,5/12/1999 13:17
153,226,321,SOFTWARE DEPT.,13-Jul-02,10/13/2002 2:49
251,905,330,SOFTWARE DEPT.,10-Nov-17,3/10/2018 4:44
122,843,249,MECHANICAL DEPT.,15-Jul-98,8/15/1998 12:48
398,160,184,ELECTRICAL DEPT.,26-Oct-99,11/26/1999 8:21
839,469,221,MECHANICAL DEPT.,21-Dec-97,3/21/1998 17:13
51,579,379,SOFTWARE DEPT.,14-Oct-16,12/14/2016 9:39
392,325,326,SOFTWARE DEPT.,18-Mar-13,5/18/2013 12:26
879,316,201,ELECTRICAL DEPT.,24-Feb-99,4/24/1999 13:34
659,312,151,ELECTRICAL DEPT.,24-Feb-98,5/24/1998 22:29
306,671,286,MECHANICAL DEPT.,7-Feb-00,3/7/2000 1:39
652,304,373,SOFTWARE DEPT.,24-Dec-09,3/24/2010 22:51
311,290,359,SOFTWARE DEPT.,10-Oct-05,3/10/2006 13:58
860,979,381,SOFTWARE DEPT.,11-Jun-09,9/11/2009 8:52
650,108,239,MECHANICAL DEPT.,6-Nov-06,4/6/2007 6:41
785,150,216,ELECTRICAL DEPT.,29-Jan-15,6/29/2015 8:19
631,173,384,SOFTWARE DEPT.,1-Feb-04,3/1/2004 17:49
297,383,196,ELECTRICAL DEPT.,13-Dec-05,4/13/2006 20:39
637,120,400,SOFTWARE DEPT.,10-May-12,10/10/2012 12:23
709,771,143,ELECTRICAL DEPT.,13-Sep-10,12/13/2010 5:35
529,667,254,MECHANICAL DEPT.,16-Dec-10,3/16/2011 1:19
312,966,297,MECHANICAL DEPT.,25-Aug-02,9/25/2002 3:29
420,129,360,SOFTWARE DEPT.,10-Dec-07,3/10/2008 11:21
365,141,397,SOFTWARE DEPT.,10-Mar-11,5/10/2011 5:57
241,78,374,SOFTWARE DEPT.,28-Oct-16,11/28/2016 14:39
350,521,391,SOFTWARE DEPT.,29-Dec-07,4/29/2008 21:48
385,895,357,SOFTWARE DEPT.,18-Jul-08,10/18/2008 12:32
639,124,274,MECHANICAL DEPT.,12-Aug-04,1/12/2005 7:30
188,493,131,ELECTRICAL DEPT.,26-Aug-10,1/26/2011 16:47
255,145,356,SOFTWARE DEPT.,24-Aug-03,1/24/2004 4:57
532,728,239,MECHANICAL DEPT.,27-Dec-16,5/27/2017 11:58
12,239,388,SOFTWARE DEPT.,3-Feb-98,6/3/1998 21:52
258,236,176,ELECTRICAL DEPT.,20-Jan-10,3/20/2010 10:41
536,377,355,SOFTWARE DEPT.,16-Dec-07,3/16/2008 21:08
423,179,375,SOFTWARE DEPT.,23-Nov-99,3/23/2000 10:19
782,87,383,SOFTWARE DEPT.,13-Jul-01,10/13/2001 22:50
830,156,249,MECHANICAL DEPT.,23-Jan-03,3/23/2003 11:39
21,610,311,SOFTWARE DEPT.,26-Aug-99,9/26/1999 5:12
174,311,308,MECHANICAL DEPT.,23-Dec-09,5/23/2010 1:34
460,232,338,SOFTWARE DEPT.,27-Oct-06,3/27/2007 13:07
546,243,240,MECHANICAL DEPT.,9-Feb-01,6/9/2001 18:37
407,864,184,ELECTRICAL DEPT.,23-Jun-02,10/23/2002 1:09
75,830,342,SOFTWARE DEPT.,16-Feb-16,6/16/2016 9:37
168,915,162,ELECTRICAL DEPT.,2-Sep-16,1/2/2017 17:57
421,664,371,SOFTWARE DEPT.,6-Oct-05,11/6/2005 18:34
314,550,216,ELECTRICAL DEPT.,14-Jul-13,12/14/2013 16:59
582,666,365,SOFTWARE DEPT.,10-Dec-16,4/10/2017 13:25
332,250,212,ELECTRICAL DEPT.,5-Jan-03,4/5/2003 4:17
352,642,238,MECHANICAL DEPT.,18-Aug-06,10/18/2006 5:16
383,468,177,ELECTRICAL DEPT.,24-Dec-07,4/24/2008 23:43
846,177,234,MECHANICAL DEPT.,5-Nov-01,1/5/2002 20:32
936,307,178,ELECTRICAL DEPT.,24-Jan-03,3/24/2003 21:49
921,297,232,MECHANICAL DEPT.,2-Apr-10,6/2/2010 5:57
914,115,200,ELECTRICAL DEPT.,10-Dec-02,5/10/2003 16:53
345,391,144,ELECTRICAL DEPT.,14-Nov-17,4/14/2018 23:35
77,17,265,MECHANICAL DEPT.,19-Apr-10,6/19/2010 5:18
179,729,287,MECHANICAL DEPT.,14-Jan-99,4/14/1999 2:25
729,344,204,ELECTRICAL DEPT.,1-Feb-17,4/1/2017 7:47
826,115,330,SOFTWARE DEPT.,16-Mar-98,8/16/1998 23:54
431,505,197,ELECTRICAL DEPT.,16-Nov-05,12/16/2005 11:38
939,57,223,MECHANICAL DEPT.,13-Jun-16,7/13/2016 13:48
757,476,219,ELECTRICAL DEPT.,22-Oct-00,11/22/2000 4:16
974,209,231,MECHANICAL DEPT.,24-Oct-02,1/24/2003 10:48
310,727,274,MECHANICAL DEPT.,1-Dec-09,1/1/2010 22:33
478,995,328,SOFTWARE DEPT.,26-Sep-01,12/26/2001 14:30
299,546,231,MECHANICAL DEPT.,12-Mar-15,5/12/2015 19:18
350,581,365,SOFTWARE DEPT.,27-Feb-04,7/27/2004 1:53
287,801,208,ELECTRICAL DEPT.,29-Dec-03,3/29/2004 1:02
483,911,182,ELECTRICAL DEPT.,21-Oct-16,3/21/2017 12:45
744,783,268,MECHANICAL DEPT.,31-Oct-06,2/28/2007 18:31
494,917,297,MECHANICAL DEPT.,1-Mar-05,8/1/2005 9:27
282,585,227,MECHANICAL DEPT.,22-Mar-98,8/22/1998 20:58
115,472,334,SOFTWARE DEPT.,13-Jan-01,3/13/2001 9:00
4,995,361,SOFTWARE DEPT.,11-Jun-06,9/11/2006 15:32
961,71,309,MECHANICAL DEPT.,30-Dec-00,4/30/2001 9:49
981,857,143,ELECTRICAL DEPT.,9-Dec-98,1/9/1999 15:34
92,58,136,ELECTRICAL DEPT.,25-Jun-04,9/25/2004 3:28
229,18,175,ELECTRICAL DEPT.,10-Jul-02,11/10/2002 8:01
549,790,263,MECHANICAL DEPT.,22-Jun-10,10/22/2010 2:38
387,685,235,MECHANICAL DEPT.,21-Oct-13,3/21/2014 12:40
77,41,270,MECHANICAL DEPT.,15-Jul-04,12/15/2004 17:58
500,244,330,SOFTWARE DEPT.,18-May-10,6/18/2010 21:43
943,626,167,ELECTRICAL DEPT.,16-Oct-05,2/16/2006 13:16
184,860,214,ELECTRICAL DEPT.,10-Jul-99,12/10/1999 17:07
90,327,283,MECHANICAL DEPT.,27-Dec-15,3/27/2016 20:08
624,699,174,ELECTRICAL DEPT.,3-Sep-06,12/3/2006 18:07
289,857,338,SOFTWARE DEPT.,29-Aug-16,11/29/2016 3:18
336,966,311,SOFTWARE DEPT.,23-Apr-05,9/23/2005 11:04
610,148,134,ELECTRICAL DEPT.,14-May-03,8/14/2003 22:19
413,408,381,SOFTWARE DEPT.,14-Apr-10,6/14/2010 7:40
922,774,293,MECHANICAL DEPT.,20-Feb-13,3/20/2013 21:51
563,188,265,MECHANICAL DEPT.,9-Sep-14,2/9/2015 18:41
152,167,259,MECHANICAL DEPT.,1-May-05,7/1/2005 19:39
824,657,276,MECHANICAL DEPT.,4-Jul-11,8/4/2011 13:49
347,481,353,SOFTWARE DEPT.,20-Feb-06,4/20/2006 14:33
803,579,148,ELECTRICAL DEPT.,8-Mar-11,6/8/2011 9:26
289,552,293,MECHANICAL DEPT.,9-Jun-03,11/9/2003 15:56
873,206,220,ELECTRICAL DEPT.,12-Jul-09,12/12/2009 5:14
561,693,222,MECHANICAL DEPT.,22-Dec-03,1/22/2004 18:06
220,942,190,ELECTRICAL DEPT.,15-Aug-17,10/15/2017 10:04
695,676,143,ELECTRICAL DEPT.,23-Feb-16,7/23/2016 13:32
521,752,366,SOFTWARE DEPT.,21-Dec-01,3/21/2002 22:26
277,349,390,SOFTWARE DEPT.,14-Dec-13,1/14/2014 21:00
232,342,384,SOFTWARE DEPT.,15-Sep-10,12/15/2010 12:28
641,238,225,MECHANICAL DEPT.,24-Aug-07,10/24/2007 14:20
394,881,282,MECHANICAL DEPT.,2-Jun-10,9/2/2010 1:27
541,516,340,SOFTWARE DEPT.,4-Sep-08,10/4/2008 11:08
205,729,155,ELECTRICAL DEPT.,20-May-08,6/20/2008 13:04
683,452,380,SOFTWARE DEPT.,16-Mar-00,5/16/2000 16:34
392,703,274,MECHANICAL DEPT.,10-Dec-03,2/10/2004 22:01
796,586,332,SOFTWARE DEPT.,31-Dec-09,1/31/2010 23:32
548,650,176,ELECTRICAL DEPT.,26-May-15,8/26/2015 21:34
842,487,262,MECHANICAL DEPT.,30-Nov-99,4/30/2000 2:45
878,712,373,SOFTWARE DEPT.,24-Jun-06,7/24/2006 19:09
237,433,185,ELECTRICAL DEPT.,29-Sep-14,10/29/2014 2:48
294,385,323,SOFTWARE DEPT.,2-Jun-15,7/2/2015 17:12
972,896,241,MECHANICAL DEPT.,30-Apr-17,7/30/2017 1:37
496,883,388,SOFTWARE DEPT.,26-Apr-01,8/26/2001 22:36
615,779,175,ELECTRICAL DEPT.,25-Oct-10,1/25/2011 9:39
413,3,272,MECHANICAL DEPT.,30-Nov-98,2/28/1999 23:55
94,732,210,ELECTRICAL DEPT.,21-Sep-01,1/21/2002 19:34
571,284,268,MECHANICAL DEPT.,9-Apr-06,9/9/2006 16:46
621,789,159,ELECTRICAL DEPT.,11-Sep-04,10/11/2004 20:01
222,7,199,ELECTRICAL DEPT.,25-Jan-01,4/25/2001 6:21
697,520,382,SOFTWARE DEPT.,14-Feb-17,3/14/2017 3:05
958,75,197,ELECTRICAL DEPT.,12-Aug-06,11/12/2006 14:00
663,163,263,MECHANICAL DEPT.,18-Apr-15,9/18/2015 19:01
61,154,260,MECHANICAL DEPT.,15-Dec-97,1/15/1998 4:49
590,289,203,ELECTRICAL DEPT.,15-Sep-04,2/15/2005 14:39
545,975,172,ELECTRICAL DEPT.,15-Aug-05,12/15/2005 3:04
305,787,336,SOFTWARE DEPT.,8-Jan-98,3/8/1998 19:03
683,572,396,SOFTWARE DEPT.,5-Oct-98,3/5/1999 9:23
572,528,280,MECHANICAL DEPT.,10-Feb-01,4/10/2001 22:11
925,452,207,ELECTRICAL DEPT.,22-Apr-99,6/22/1999 2:09
770,522,245,MECHANICAL DEPT.,6-Feb-98,5/6/1998 7:08
507,412,386,SOFTWARE DEPT.,10-Apr-14,9/10/2014 16:10
181,105,356,SOFTWARE DEPT.,18-Mar-04,6/18/2004 4:32
404,630,184,ELECTRICAL DEPT.,17-Jul-02,10/17/2002 2:59
483,501,240,MECHANICAL DEPT.,15-Mar-09,5/15/2009 18:41
884,538,377,SOFTWARE DEPT.,20-Oct-98,1/20/1999 13:16
987,571,150,ELECTRICAL DEPT.,3-Jul-16,12/3/2016 10:55
594,236,219,ELECTRICAL DEPT.,27-Oct-14,3/27/2015 16:29
48,182,315,SOFTWARE DEPT.,16-Feb-13,3/16/2013 19:33
958,248,219,ELECTRICAL DEPT.,28-Jan-03,4/28/2003 9:29
977,257,296,MECHANICAL DEPT.,17-Feb-04,7/17/2004 20:11
279,699,223,MECHANICAL DEPT.,10-Dec-00,2/10/2001 4:37
67,261,164,ELECTRICAL DEPT.,29-Dec-04,4/29/2005 23:28
155,844,149,ELECTRICAL DEPT.,14-Apr-98,9/14/1998 9:29
498,573,232,MECHANICAL DEPT.,25-Jul-13,10/25/2013 18:51
241,960,352,SOFTWARE DEPT.,7-May-06,7/7/2006 7:18
374,700,386,SOFTWARE DEPT.,25-Jul-10,9/25/2010 4:38
369,958,176,ELECTRICAL DEPT.,10-Feb-11,3/10/2011 21:27
270,374,367,SOFTWARE DEPT.,13-Aug-11,10/13/2011 10:58
2,869,335,SOFTWARE DEPT.,3-Apr-12,5/3/2012 1:30
940,835,224,MECHANICAL DEPT.,27-Aug-01,1/27/2002 15:04
854,222,237,MECHANICAL DEPT.,29-Feb-16,7/29/2016 22:23
954,406,140,ELECTRICAL DEPT.,4-Aug-17,10/4/2017 19:59
531,876,292,MECHANICAL DEPT.,14-Jan-11,5/14/2011 7:54
461,148,206,ELECTRICAL DEPT.,22-Nov-16,1/22/2017 14:37
57,294,171,ELECTRICAL DEPT.,23-Feb-10,5/23/2010 2:24
56,660,274,MECHANICAL DEPT.,13-Oct-15,1/13/2016 23:48
42,413,277,MECHANICAL DEPT.,2-Jul-09,12/2/2009 1:53
245,672,192,ELECTRICAL DEPT.,4-Mar-10,6/4/2010 8:41
414,520,184,ELECTRICAL DEPT.,15-Sep-17,12/15/2017 17:02
99,508,393,SOFTWARE DEPT.,7-Sep-08,2/7/2009 8:35
561,598,261,MECHANICAL DEPT.,17-Nov-08,3/17/2009 2:46
443,742,174,ELECTRICAL DEPT.,28-Nov-97,1/28/1998 20:29
517,393,399,SOFTWARE DEPT.,21-May-03,6/21/2003 18:41
44,308,251,MECHANICAL DEPT.,10-Sep-99,11/10/1999 23:30
989,523,225,MECHANICAL DEPT.,3-Sep-15,1/3/2016 1:22
561,730,223,MECHANICAL DEPT.,14-May-01,9/14/2001 3:24
368,245,188,ELECTRICAL DEPT.,26-May-06,7/26/2006 17:30
160,191,353,SOFTWARE DEPT.,11-Feb-10,3/11/2010 16:20
244,141,224,MECHANICAL DEPT.,16-Aug-00,11/16/2000 22:39
425,892,153,ELECTRICAL DEPT.,16-Feb-07,5/16/2007 12:33
947,34,133,ELECTRICAL DEPT.,23-Feb-13,6/23/2013 15:24
995,441,170,ELECTRICAL DEPT.,9-Dec-01,4/9/2002 18:59
445,322,374,SOFTWARE DEPT.,29-Dec-15,2/29/2016 22:04
120,375,336,SOFTWARE DEPT.,7-Jun-02,7/7/2002 1:48
753,16,315,SOFTWARE DEPT.,6-Jul-06,8/6/2006 10:36
2,376,139,ELECTRICAL DEPT.,15-Oct-12,11/15/2012 16:54
519,564,156,ELECTRICAL DEPT.,18-Aug-98,9/18/1998 20:59
693,681,208,ELECTRICAL DEPT.,28-Apr-03,8/28/2003 20:28
548,199,348,SOFTWARE DEPT.,1-Jul-99,8/1/1999 4:45
676,632,311,SOFTWARE DEPT.,1-Nov-02,3/1/2003 15:55
409,604,339,SOFTWARE DEPT.,3-Apr-99,6/3/1999 1:58
298,916,364,SOFTWARE DEPT.,24-Nov-08,2/24/2009 6:42
881,6,236,MECHANICAL DEPT.,27-Mar-03,4/27/2003 4:40
74,827,356,SOFTWARE DEPT.,18-Oct-12,12/18/2012 21:01
501,711,341,SOFTWARE DEPT.,21-Jun-15,9/21/2015 4:00
936,836,371,SOFTWARE DEPT.,16-Jun-06,11/16/2006 21:14
134,783,319,SOFTWARE DEPT.,15-Nov-06,1/15/2007 21:36
652,434,197,ELECTRICAL DEPT.,11-May-11,6/11/2011 13:29
890,499,135,ELECTRICAL DEPT.,4-Dec-11,3/4/2012 14:22
557,826,321,SOFTWARE DEPT.,7-Feb-17,7/7/2017 16:26
724,933,308,MECHANICAL DEPT.,30-May-00,7/30/2000 18:33
312,160,233,MECHANICAL DEPT.,24-Sep-02,1/24/2003 13:54
389,766,171,ELECTRICAL DEPT.,11-Apr-13,7/11/2013 16:31
46,577,299,MECHANICAL DEPT.,20-Jan-01,2/20/2001 3:35
308,26,327,SOFTWARE DEPT.,9-Jan-03,4/9/2003 0:56
568,406,151,ELECTRICAL DEPT.,21-Apr-00,6/21/2000 1:11
779,520,324,SOFTWARE DEPT.,3-Oct-17,11/3/2017 23:54
189,851,364,SOFTWARE DEPT.,12-Jul-15,11/12/2015 21:30
307,706,336,SOFTWARE DEPT.,17-Jan-01,2/17/2001 17:12
547,181,264,MECHANICAL DEPT.,31-Mar-08,7/31/2008 15:35
861,76,241,MECHANICAL DEPT.,26-Dec-05,2/26/2006 16:18
691,830,354,SOFTWARE DEPT.,16-May-00,8/16/2000 16:21
492,667,212,ELECTRICAL DEPT.,20-Aug-10,12/20/2010 17:43
470,858,332,SOFTWARE DEPT.,13-Jan-10,5/13/2010 6:40
682,180,205,ELECTRICAL DEPT.,24-Mar-11,4/24/2011 9:15
75,229,305,MECHANICAL DEPT.,1-Mar-98,7/1/1998 15:01
606,786,360,SOFTWARE DEPT.,31-May-98,8/31/1998 12:11
137,27,240,MECHANICAL DEPT.,12-Jun-04,9/12/2004 21:43
85,279,278,MECHANICAL DEPT.,12-May-05,7/12/2005 15:37
530,952,268,MECHANICAL DEPT.,21-Jan-14,2/21/2014 20:08
600,689,228,MECHANICAL DEPT.,21-Nov-12,12/21/2012 16:13
965,31,134,ELECTRICAL DEPT.,24-Apr-16,5/24/2016 14:01
394,566,248,MECHANICAL DEPT.,11-Nov-08,12/11/2008 22:51
655,139,151,ELECTRICAL DEPT.,8-Apr-07,5/8/2007 8:08
78,257,210,ELECTRICAL DEPT.,5-May-12,8/5/2012 8:27
296,856,211,ELECTRICAL DEPT.,20-Jul-07,8/20/2007 5:49
847,469,328,SOFTWARE DEPT.,29-Dec-09,4/29/2010 18:58
750,562,290,MECHANICAL DEPT.,29-Nov-02,2/28/2003 21:03
135,532,364,SOFTWARE DEPT.,14-Mar-04,5/14/2004 9:23
992,39,277,MECHANICAL DEPT.,2-Sep-05,2/2/2006 8:01
203,727,145,ELECTRICAL DEPT.,8-Jul-01,9/8/2001 21:30
979,80,191,ELECTRICAL DEPT.,28-Feb-13,7/28/2013 10:19
389,899,245,MECHANICAL DEPT.,21-Aug-03,1/21/2004 0:09
451,38,298,MECHANICAL DEPT.,25-Aug-00,12/25/2000 18:51
458,132,143,ELECTRICAL DEPT.,27-Dec-07,5/27/2008 11:57
220,550,250,MECHANICAL DEPT.,21-Feb-17,3/21/2017 17:04
483,146,146,ELECTRICAL DEPT.,28-Oct-10,12/28/2010 2:39
874,823,384,SOFTWARE DEPT.,1-Sep-10,12/1/2010 19:49
255,520,280,MECHANICAL DEPT.,3-Jul-01,8/3/2001 10:36
612,174,312,SOFTWARE DEPT.,24-May-17,7/24/2017 14:10
213,70,131,ELECTRICAL DEPT.,18-Jun-17,10/18/2017 22:07
103,955,215,ELECTRICAL DEPT.,31-Aug-09,11/30/2009 9:05
869,959,257,MECHANICAL DEPT.,10-Jun-16,8/10/2016 22:48
335,155,358,SOFTWARE DEPT.,22-Jul-08,10/22/2008 10:19
97,594,247,MECHANICAL DEPT.,3-Mar-12,7/3/2012 3:04
510,971,359,SOFTWARE DEPT.,17-May-03,7/17/2003 6:11
492,453,206,ELECTRICAL DEPT.,29-Mar-04,4/29/2004 8:14
954,707,270,MECHANICAL DEPT.,22-Aug-17,10/22/2017 3:06
189,254,251,MECHANICAL DEPT.,19-Sep-02,11/19/2002 11:40
645,774,344,SOFTWARE DEPT.,6-Mar-13,5/6/2013 21:45
587,782,261,MECHANICAL DEPT.,15-May-04,6/15/2004 21:49
372,101,375,SOFTWARE DEPT.,11-Jul-15,10/11/2015 0:47
2,60,353,SOFTWARE DEPT.,18-Oct-05,3/18/2006 7:20
9,813,169,ELECTRICAL DEPT.,11-Jul-03,10/11/2003 1:16
296,426,277,MECHANICAL DEPT.,23-Jun-13,11/23/2013 1:47
901,805,171,ELECTRICAL DEPT.,4-May-02,10/4/2002 7:01
399,75,140,ELECTRICAL DEPT.,26-Sep-03,10/26/2003 23:21
439,300,178,ELECTRICAL DEPT.,2-Nov-04,2/2/2005 23:50
106,416,176,ELECTRICAL DEPT.,15-Apr-12,6/15/2012 9:45
161,572,202,ELECTRICAL DEPT.,1-Jan-15,3/1/2015 2:14
178,77,375,SOFTWARE DEPT.,21-Mar-15,7/21/2015 16:11
286,350,369,SOFTWARE DEPT.,20-May-03,8/20/2003 15:10
236,270,373,SOFTWARE DEPT.,15-Sep-14,10/15/2014 9:17
131,402,233,MECHANICAL DEPT.,12-Oct-17,1/12/2018 8:12
86,637,271,MECHANICAL DEPT.,3-Jan-11,4/3/2011 13:40
629,888,186,ELECTRICAL DEPT.,10-Jan-01,6/10/2001 18:52
783,775,271,MECHANICAL DEPT.,7-Jun-01,10/7/2001 17:35
136,736,384,SOFTWARE DEPT.,3-Jan-03,6/3/2003 21:27
515,350,155,ELECTRICAL DEPT.,25-May-04,8/25/2004 10:14
451,883,297,MECHANICAL DEPT.,24-Oct-11,2/24/2012 7:09
335,745,346,SOFTWARE DEPT.,22-Jun-00,9/22/2000 16:41
959,830,298,MECHANICAL DEPT.,8-Sep-16,2/8/2017 18:09
817,554,375,SOFTWARE DEPT.,6-Oct-12,3/6/2013 6:01
766,352,364,SOFTWARE DEPT.,15-Jul-04,10/15/2004 10:25
192,178,369,SOFTWARE DEPT.,1-Apr-03,5/1/2003 23:21
364,700,161,ELECTRICAL DEPT.,14-Feb-14,7/14/2014 19:04
386,265,399,SOFTWARE DEPT.,26-May-15,8/26/2015 13:51
400,275,337,SOFTWARE DEPT.,9-Feb-13,7/9/2013 13:31
622,852,201,ELECTRICAL DEPT.,1-Jul-14,12/1/2014 10:10
385,437,391,SOFTWARE DEPT.,21-Oct-06,1/21/2007 21:18
833,813,338,SOFTWARE DEPT.,14-Oct-14,11/14/2014 20:43
623,714,396,SOFTWARE DEPT.,30-Aug-10,12/30/2010 10:22
923,238,297,MECHANICAL DEPT.,24-May-12,6/24/2012 21:50
400,582,311,SOFTWARE DEPT.,2-Feb-08,7/2/2008 9:20
649,801,179,ELECTRICAL DEPT.,24-Dec-99,1/24/2000 2:32
796,332,161,ELECTRICAL DEPT.,8-Apr-06,5/8/2006 3:49
959,43,237,MECHANICAL DEPT.,22-Feb-09,6/22/2009 20:48
666,254,300,MECHANICAL DEPT.,22-Mar-09,8/22/2009 4:22
2,604,366,SOFTWARE DEPT.,9-Apr-16,7/9/2016 0:26
65,715,192,ELECTRICAL DEPT.,10-May-99,8/10/1999 5:23
595,482,289,MECHANICAL DEPT.,3-Oct-00,3/3/2001 20:12
783,975,296,MECHANICAL DEPT.,26-Jan-02,6/26/2002 22:54
621,655,379,SOFTWARE DEPT.,22-Jun-10,10/22/2010 10:51
936,453,214,ELECTRICAL DEPT.,14-Aug-07,9/14/2007 23:38
457,95,394,SOFTWARE DEPT.,31-May-06,7/31/2006 22:09
737,570,367,SOFTWARE DEPT.,26-Aug-10,10/26/2010 7:58
510,750,236,MECHANICAL DEPT.,31-Aug-13,10/31/2013 14:09
283,67,326,SOFTWARE DEPT.,18-Oct-05,3/18/2006 0:26
552,29,335,SOFTWARE DEPT.,17-Jun-15,10/17/2015 10:13
267,566,210,ELECTRICAL DEPT.,5-Jan-01,3/5/2001 22:12
755,398,192,ELECTRICAL DEPT.,30-Dec-11,2/29/2012 5:36
586,96,297,MECHANICAL DEPT.,14-Dec-08,4/14/2009 8:20
813,788,164,ELECTRICAL DEPT.,17-Dec-15,2/17/2016 18:01
954,147,400,SOFTWARE DEPT.,9-Jan-99,6/9/1999 10:26
742,309,384,SOFTWARE DEPT.,14-Jan-14,5/14/2014 18:54
337,968,148,ELECTRICAL DEPT.,28-Aug-15,12/28/2015 0:55
84,539,164,ELECTRICAL DEPT.,10-Aug-02,12/10/2002 21:02
796,278,231,MECHANICAL DEPT.,29-Dec-15,4/29/2016 14:11
222,228,328,SOFTWARE DEPT.,5-Apr-08,5/5/2008 14:28
74,201,167,ELECTRICAL DEPT.,22-Nov-13,1/22/2014 23:19
409,599,258,MECHANICAL DEPT.,13-Dec-02,1/13/2003 9:55
286,876,363,SOFTWARE DEPT.,22-Dec-15,4/22/2016 19:31
794,922,173,ELECTRICAL DEPT.,5-Jul-12,11/5/2012 7:21
551,310,357,SOFTWARE DEPT.,14-Mar-07,7/14/2007 18:00
553,751,280,MECHANICAL DEPT.,3-Oct-00,2/3/2001 2:02
692,751,264,MECHANICAL DEPT.,7-May-16,8/7/2016 10:50
641,279,247,MECHANICAL DEPT.,20-Jan-13,2/20/2013 4:39
929,381,205,ELECTRICAL DEPT.,13-May-03,7/13/2003 4:46
371,22,156,ELECTRICAL DEPT.,24-Feb-00,3/24/2000 23:02
570,341,164,ELECTRICAL DEPT.,21-Jan-06,4/21/2006 5:54
722,425,262,MECHANICAL DEPT.,18-Mar-12,7/18/2012 5:59
955,965,312,SOFTWARE DEPT.,9-Oct-17,11/9/2017 20:10
819,258,386,SOFTWARE DEPT.,11-Mar-12,8/11/2012 7:41
586,748,239,MECHANICAL DEPT.,7-Oct-14,12/7/2014 22:29
369,974,141,ELECTRICAL DEPT.,14-Dec-09,2/14/2010 5:42
271,774,150,ELECTRICAL DEPT.,30-Dec-08,3/30/2009 21:14
168,604,295,MECHANICAL DEPT.,15-Jan-00,5/15/2000 6:16
165,603,233,MECHANICAL DEPT.,24-Jul-14,8/24/2014 6:43
877,832,175,ELECTRICAL DEPT.,30-Jul-14,8/30/2014 18:21
848,607,373,SOFTWARE DEPT.,31-Aug-00,10/31/2000 20:03
8,565,172,ELECTRICAL DEPT.,1-Mar-03,5/1/2003 5:07
83,615,234,MECHANICAL DEPT.,30-Nov-00,1/30/2001 22:27
761,943,215,ELECTRICAL DEPT.,30-Sep-07,12/30/2007 18:42
709,212,369,SOFTWARE DEPT.,1-Feb-06,4/1/2006 13:52
662,529,265,MECHANICAL DEPT.,7-May-98,8/7/1998 21:13
917,760,178,ELECTRICAL DEPT.,14-Nov-01,4/14/2002 8:20
859,657,191,ELECTRICAL DEPT.,9-Apr-05,7/9/2005 9:01
39,411,399,SOFTWARE DEPT.,12-Nov-16,3/12/2017 11:22
263,114,342,SOFTWARE DEPT.,9-Apr-01,7/9/2001 20:43
807,251,346,SOFTWARE DEPT.,8-Sep-14,11/8/2014 16:44
655,61,343,SOFTWARE DEPT.,6-Dec-14,1/6/2015 19:15
499,984,390,SOFTWARE DEPT.,1-Jan-07,3/1/2007 11:38
505,196,176,ELECTRICAL DEPT.,20-Sep-07,12/20/2007 2:33
592,624,399,SOFTWARE DEPT.,7-Jan-07,4/7/2007 7:19
474,852,161,ELECTRICAL DEPT.,10-Nov-11,12/10/2011 4:10
268,563,380,SOFTWARE DEPT.,3-Nov-13,12/3/2013 4:50
748,610,373,SOFTWARE DEPT.,22-Nov-12,1/22/2013 15:47
740,416,221,MECHANICAL DEPT.,16-Dec-98,5/16/1999 9:04
840,902,315,SOFTWARE DEPT.,12-Sep-00,1/12/2001 11:05
74,645,362,SOFTWARE DEPT.,18-Jan-08,2/18/2008 20:14
112,543,236,MECHANICAL DEPT.,7-Jan-99,3/7/1999 7:26
284,352,335,SOFTWARE DEPT.,28-Jan-06,5/28/2006 23:30
717,758,314,SOFTWARE DEPT.,23-Nov-06,3/23/2007 20:02
697,373,398,SOFTWARE DEPT.,8-Jul-10,8/8/2010 3:08
157,50,231,MECHANICAL DEPT.,26-Jul-12,11/26/2012 12:07
140,467,306,MECHANICAL DEPT.,16-Mar-08,6/16/2008 22:23
201,558,368,SOFTWARE DEPT.,28-Jan-07,4/28/2007 15:39
664,185,196,ELECTRICAL DEPT.,22-Feb-99,6/22/1999 22:01
471,281,306,MECHANICAL DEPT.,15-Oct-15,11/15/2015 23:24
217,612,266,MECHANICAL DEPT.,29-Oct-07,11/29/2007 9:54
751,258,350,SOFTWARE DEPT.,29-Mar-00,6/29/2000 2:56
547,986,349,SOFTWARE DEPT.,16-Nov-08,2/16/2009 4:03
441,196,302,MECHANICAL DEPT.,26-Jan-98,5/26/1998 5:41
171,757,368,SOFTWARE DEPT.,19-Feb-17,5/19/2017 2:55
127,742,347,SOFTWARE DEPT.,19-Mar-03,7/19/2003 22:02
255,489,273,MECHANICAL DEPT.,3-Aug-05,9/3/2005 20:38
78,791,291,MECHANICAL DEPT.,5-Jun-98,8/5/1998 2:21
411,514,255,MECHANICAL DEPT.,29-Aug-16,1/29/2017 12:11
817,741,280,MECHANICAL DEPT.,27-Nov-05,4/27/2006 14:14
44,930,370,SOFTWARE DEPT.,20-Apr-98,5/20/1998 20:01
268,903,310,MECHANICAL DEPT.,6-Sep-98,1/6/1999 18:19
616,555,318,SOFTWARE DEPT.,28-Oct-13,2/28/2014 9:08
896,220,360,SOFTWARE DEPT.,9-Jan-98,6/9/1998 10:52
389,335,354,SOFTWARE DEPT.,24-Apr-11,5/24/2011 0:45
38,784,271,MECHANICAL DEPT.,21-Feb-12,3/21/2012 9:17
552,142,238,MECHANICAL DEPT.,25-Jul-12,11/25/2012 1:33
977,191,253,MECHANICAL DEPT.,22-Oct-15,3/22/2016 23:01
407,16,345,SOFTWARE DEPT.,8-Nov-01,12/8/2001 6:30
823,606,336,SOFTWARE DEPT.,22-Jun-05,7/22/2005 10:33
850,330,345,SOFTWARE DEPT.,8-Mar-07,8/8/2007 9:46
819,485,218,ELECTRICAL DEPT.,31-Mar-13,4/30/2013 10:31
570,589,157,ELECTRICAL DEPT.,2-Dec-15,3/2/2016 0:23
902,964,342,SOFTWARE DEPT.,2-Jul-17,10/2/2017 8:31
342,815,250,MECHANICAL DEPT.,7-Jun-04,8/7/2004 14:12
968,977,229,MECHANICAL DEPT.,5-Apr-17,7/5/2017 8:17
123,335,273,MECHANICAL DEPT.,1-Aug-08,1/1/2009 14:27
435,204,239,MECHANICAL DEPT.,24-Mar-05,7/24/2005 21:52
522,226,338,SOFTWARE DEPT.,11-Oct-05,3/11/2006 15:32
822,596,350,SOFTWARE DEPT.,17-May-06,10/17/2006 9:27
859,471,159,ELECTRICAL DEPT.,4-Jun-03,11/4/2003 2:25
921,434,331,SOFTWARE DEPT.,8-May-06,10/8/2006 15:49
653,979,385,SOFTWARE DEPT.,5-Jun-99,9/5/1999 3:16
808,38,262,MECHANICAL DEPT.,1-Jul-00,10/1/2000 11:48
864,501,152,ELECTRICAL DEPT.,7-Jan-08,6/7/2008 16:41
528,442,233,MECHANICAL DEPT.,23-Dec-99,2/23/2000 18:49
488,526,270,MECHANICAL DEPT.,25-Jan-08,4/25/2008 1:32
231,897,328,SOFTWARE DEPT.,25-Jan-01,4/25/2001 18:28
537,9,222,MECHANICAL DEPT.,21-Apr-03,6/21/2003 14:00
174,881,215,ELECTRICAL DEPT.,30-Dec-05,2/28/2006 11:32
183,537,389,SOFTWARE DEPT.,30-Dec-99,1/30/2000 7:28
598,473,157,ELECTRICAL DEPT.,3-Oct-00,2/3/2001 12:57
871,147,236,MECHANICAL DEPT.,21-Jan-12,6/21/2012 14:47
940,787,380,SOFTWARE DEPT.,27-Oct-02,2/27/2003 3:38
619,241,378,SOFTWARE DEPT.,18-Dec-12,3/18/2013 18:54
605,118,147,ELECTRICAL DEPT.,8-Jan-98,5/8/1998 8:09
674,684,160,ELECTRICAL DEPT.,7-Dec-06,2/7/2007 19:38
70,908,218,ELECTRICAL DEPT.,22-Sep-11,11/22/2011 21:40
687,301,248,MECHANICAL DEPT.,16-Oct-06,12/16/2006 23:02
70,114,378,SOFTWARE DEPT.,12-Aug-17,10/12/2017 15:03
621,159,302,MECHANICAL DEPT.,1-Mar-01,6/1/2001 12:10
810,691,386,SOFTWARE DEPT.,10-Sep-05,12/10/2005 5:12
697,282,330,SOFTWARE DEPT.,26-Dec-97,4/26/1998 21:55
228,103,291,MECHANICAL DEPT.,20-Jun-10,10/20/2010 21:05
713,314,357,SOFTWARE DEPT.,28-Dec-99,2/28/2000 4:06
930,142,162,ELECTRICAL DEPT.,22-Apr-06,9/22/2006 7:27
300,277,357,SOFTWARE DEPT.,13-May-03,10/13/2003 22:53
241,564,153,ELECTRICAL DEPT.,9-Jul-01,10/9/2001 4:22
766,471,379,SOFTWARE DEPT.,3-May-05,8/3/2005 10:47
645,478,182,ELECTRICAL DEPT.,19-Feb-15,7/19/2015 14:50
685,969,150,ELECTRICAL DEPT.,20-Apr-15,7/20/2015 8:16
69,103,215,ELECTRICAL DEPT.,31-Oct-11,12/31/2011 2:24
233,209,152,ELECTRICAL DEPT.,12-Jun-10,9/12/2010 9:13
787,622,167,ELECTRICAL DEPT.,15-Jan-99,5/15/1999 21:30
649,504,230,MECHANICAL DEPT.,25-Dec-02,3/25/2003 23:28
721,922,151,ELECTRICAL DEPT.,15-Dec-09,3/15/2010 4:30
109,370,335,SOFTWARE DEPT.,14-Jul-00,9/14/2000 19:30
442,14,301,MECHANICAL DEPT.,20-Oct-01,3/20/2002 13:38
106,328,254,MECHANICAL DEPT.,15-May-11,7/15/2011 18:57
327,187,363,SOFTWARE DEPT.,18-Feb-07,7/18/2007 22:27
79,333,337,SOFTWARE DEPT.,12-Jul-00,10/12/2000 3:03
150,149,350,SOFTWARE DEPT.,12-Oct-10,2/12/2011 18:15
9,106,271,MECHANICAL DEPT.,28-Jun-02,7/28/2002 15:56
750,441,305,MECHANICAL DEPT.,23-Feb-06,6/23/2006 20:49
324,525,337,SOFTWARE DEPT.,31-Mar-05,8/31/2005 5:35
507,133,134,ELECTRICAL DEPT.,9-Oct-12,3/9/2013 23:14
433,874,163,ELECTRICAL DEPT.,6-Sep-17,11/6/2017 10:43
507,700,226,MECHANICAL DEPT.,3-Nov-04,12/3/2004 12:35
397,466,369,SOFTWARE DEPT.,15-Jun-07,8/15/2007 23:58
843,640,331,SOFTWARE DEPT.,6-Feb-00,7/6/2000 17:02
967,893,365,SOFTWARE DEPT.,7-May-05,7/7/2005 12:12
746,596,278,MECHANICAL DEPT.,22-Mar-98,7/22/1998 1:12
302,932,318,SOFTWARE DEPT.,24-Oct-99,11/24/1999 18:07
757,12,222,MECHANICAL DEPT.,24-Jul-06,10/24/2006 3:55
693,922,225,MECHANICAL DEPT.,10-Apr-14,8/10/2014 23:07
48,179,193,ELECTRICAL DEPT.,10-Aug-16,12/10/2016 22:53
839,218,277,MECHANICAL DEPT.,13-Jan-11,6/13/2011 15:12
75,492,189,ELECTRICAL DEPT.,18-Jun-03,10/18/2003 12:13
203,556,361,SOFTWARE DEPT.,29-Jul-13,10/29/2013 0:15
470,766,211,ELECTRICAL DEPT.,20-Jun-02,9/20/2002 20:39
501,60,281,MECHANICAL DEPT.,12-Aug-04,10/12/2004 19:00
927,115,244,MECHANICAL DEPT.,27-Jul-10,8/27/2010 7:57
843,715,365,SOFTWARE DEPT.,12-Dec-97,4/12/1998 23:03
186,486,327,SOFTWARE DEPT.,20-Jan-07,4/20/2007 16:50
828,149,326,SOFTWARE DEPT.,25-May-05,6/25/2005 13:13
43,481,324,SOFTWARE DEPT.,23-Sep-02,11/23/2002 12:42
687,118,164,ELECTRICAL DEPT.,7-Mar-09,6/7/2009 4:04
280,770,269,MECHANICAL DEPT.,1-Dec-00,3/1/2001 3:40
253,659,164,ELECTRICAL DEPT.,19-Feb-04,7/19/2004 4:04
151,748,391,SOFTWARE DEPT.,19-Aug-05,10/19/2005 2:22
620,606,210,ELECTRICAL DEPT.,17-Aug-16,1/17/2017 23:16
135,702,132,ELECTRICAL DEPT.,22-Dec-08,1/22/2009 16:27
867,171,235,MECHANICAL DEPT.,25-Apr-98,7/25/1998 16:47
522,361,131,ELECTRICAL DEPT.,5-Apr-06,6/5/2006 18:54
860,767,163,ELECTRICAL DEPT.,27-Nov-00,3/27/2001 6:35
321,582,233,MECHANICAL DEPT.,22-Jul-17,8/22/2017 14:15
284,224,391,SOFTWARE DEPT.,9-Oct-02,1/9/2003 2:34
553,461,283,MECHANICAL DEPT.,4-Oct-06,2/4/2007 20:06
650,264,308,MECHANICAL DEPT.,3-Nov-00,3/3/2001 19:27
739,82,332,SOFTWARE DEPT.,4-Jul-02,9/4/2002 2:43
954,555,179,ELECTRICAL DEPT.,12-Mar-03,8/12/2003 7:48
295,814,153,ELECTRICAL DEPT.,27-Feb-00,5/27/2000 6:07
94,57,165,ELECTRICAL DEPT.,1-Nov-97,12/1/1997 14:19
776,870,388,SOFTWARE DEPT.,29-Aug-02,10/29/2002 11:45
10,647,189,ELECTRICAL DEPT.,22-Mar-03,8/22/2003 16:30
14,257,190,ELECTRICAL DEPT.,30-Mar-05,6/30/2005 12:46
377,317,196,ELECTRICAL DEPT.,5-Feb-09,7/5/2009 2:31
749,44,217,ELECTRICAL DEPT.,23-Aug-16,11/23/2016 11:28
126,795,375,SOFTWARE DEPT.,21-Jun-16,11/21/2016 12:16
80,465,140,ELECTRICAL DEPT.,13-Jun-13,8/13/2013 1:40
894,315,333,SOFTWARE DEPT.,15-Aug-10,11/15/2010 15:07
631,790,158,ELECTRICAL DEPT.,26-Mar-05,5/26/2005 20:44
154,486,249,MECHANICAL DEPT.,24-Oct-09,12/24/2009 11:50
509,220,142,ELECTRICAL DEPT.,1-May-01,6/1/2001 9:10
624,233,322,SOFTWARE DEPT.,26-Oct-08,1/26/2009 19:56
470,437,375,SOFTWARE DEPT.,18-Nov-12,2/18/2013 18:34
340,126,370,SOFTWARE DEPT.,12-Feb-01,3/12/2001 23:17
773,437,394,SOFTWARE DEPT.,27-Jul-06,9/27/2006 23:47
909,270,381,SOFTWARE DEPT.,2-Jan-06,4/2/2006 18:21
471,671,263,MECHANICAL DEPT.,1-Jul-06,8/1/2006 9:24
64,598,332,SOFTWARE DEPT.,29-Aug-16,10/29/2016 4:36
994,123,167,ELECTRICAL DEPT.,19-Apr-13,8/19/2013 11:00
591,689,380,SOFTWARE DEPT.,3-Jul-04,12/3/2004 17:24
977,937,343,SOFTWARE DEPT.,16-Sep-07,12/16/2007 21:33
940,430,378,SOFTWARE DEPT.,20-Dec-15,5/20/2016 4:36
865,3,327,SOFTWARE DEPT.,10-May-11,6/10/2011 0:24
350,857,156,ELECTRICAL DEPT.,19-Apr-11,6/19/2011 14:24
562,122,305,MECHANICAL DEPT.,27-Sep-11,2/27/2012 16:02
116,723,395,SOFTWARE DEPT.,28-Jun-09,7/28/2009 5:11
205,513,237,MECHANICAL DEPT.,5-Apr-12,7/5/2012 10:39
29,729,288,MECHANICAL DEPT.,11-Nov-98,2/11/1999 4:03
86,818,139,ELECTRICAL DEPT.,31-Aug-00,11/30/2000 1:07
156,816,150,ELECTRICAL DEPT.,17-Jul-03,8/17/2003 18:32
630,673,170,ELECTRICAL DEPT.,21-Aug-07,9/21/2007 21:30
454,69,285,MECHANICAL DEPT.,21-Aug-09,12/21/2009 15:33
664,410,364,SOFTWARE DEPT.,28-Dec-15,1/28/2016 18:20
269,59,282,MECHANICAL DEPT.,3-Jul-05,8/3/2005 2:10
394,935,146,ELECTRICAL DEPT.,11-Jun-12,9/11/2012 6:28
580,345,366,SOFTWARE DEPT.,1-Jul-14,8/1/2014 0:39
779,444,286,MECHANICAL DEPT.,13-Feb-14,5/13/2014 7:28
184,148,386,SOFTWARE DEPT.,29-Apr-98,9/29/1998 1:26
734,651,325,SOFTWARE DEPT.,25-Aug-04,9/25/2004 4:01
620,809,292,MECHANICAL DEPT.,28-Feb-14,6/28/2014 12:58
424,148,219,ELECTRICAL DEPT.,26-Nov-06,1/26/2007 8:46
345,645,261,MECHANICAL DEPT.,20-Mar-01,8/20/2001 17:54
866,289,153,ELECTRICAL DEPT.,27-May-14,9/27/2014 23:10
921,466,143,ELECTRICAL DEPT.,13-Apr-01,8/13/2001 1:11
958,978,357,SOFTWARE DEPT.,25-Jun-13,8/25/2013 22:38
447,961,163,ELECTRICAL DEPT.,10-Sep-08,10/10/2008 19:04
297,749,192,ELECTRICAL DEPT.,28-Jan-14,4/28/2014 3:00
935,220,248,MECHANICAL DEPT.,23-Apr-04,7/23/2004 10:38
935,983,211,ELECTRICAL DEPT.,23-Aug-11,1/23/2012 15:47
544,348,397,SOFTWARE DEPT.,27-May-01,8/27/2001 5:11
781,5,244,MECHANICAL DEPT.,18-Dec-12,4/18/2013 6:07
713,425,373,SOFTWARE DEPT.,16-Jul-00,12/16/2000 13:51
529,273,331,SOFTWARE DEPT.,14-Apr-13,8/14/2013 7:22
857,816,230,MECHANICAL DEPT.,30-Dec-13,1/30/2014 5:56
248,474,196,ELECTRICAL DEPT.,4-Oct-11,2/4/2012 20:49
286,286,399,SOFTWARE DEPT.,21-Nov-12,1/21/2013 12:05
531,768,155,ELECTRICAL DEPT.,9-Dec-07,3/9/2008 19:46
478,601,285,MECHANICAL DEPT.,10-Jun-17,8/10/2017 22:32
455,144,190,ELECTRICAL DEPT.,22-Jun-12,10/22/2012 16:26
790,110,222,MECHANICAL DEPT.,3-Dec-04,3/3/2005 20:33
333,255,218,ELECTRICAL DEPT.,8-Feb-06,4/8/2006 2:52
330,979,288,MECHANICAL DEPT.,22-Feb-07,6/22/2007 23:04
555,166,365,SOFTWARE DEPT.,15-Dec-13,5/15/2014 14:32
904,137,205,ELECTRICAL DEPT.,5-May-02,9/5/2002 5:21
415,53,225,MECHANICAL DEPT.,28-Aug-03,12/28/2003 0:42
229,114,365,SOFTWARE DEPT.,12-Apr-11,6/12/2011 15:43
772,393,313,SOFTWARE DEPT.,11-Feb-08,3/11/2008 15:01
310,300,288,MECHANICAL DEPT.,16-Mar-04,6/16/2004 23:23
803,114,194,ELECTRICAL DEPT.,28-Feb-03,6/28/2003 22:24
808,676,236,MECHANICAL DEPT.,7-Apr-07,9/7/2007 22:48
587,101,161,ELECTRICAL DEPT.,26-Jan-14,3/26/2014 21:17
647,149,336,SOFTWARE DEPT.,21-Jul-01,10/21/2001 2:19
560,271,165,ELECTRICAL DEPT.,2-Jul-05,12/2/2005 4:01
864,294,224,MECHANICAL DEPT.,24-Oct-99,3/24/2000 15:35
861,31,293,MECHANICAL DEPT.,12-Sep-02,2/12/2003 11:35
766,122,391,SOFTWARE DEPT.,8-Mar-14,7/8/2014 16:20
506,812,254,MECHANICAL DEPT.,8-Nov-12,2/8/2013 22:31
730,815,200,ELECTRICAL DEPT.,23-Dec-12,3/23/2013 7:50
728,619,195,ELECTRICAL DEPT.,22-Dec-97,3/22/1998 6:05
990,502,228,MECHANICAL DEPT.,9-Aug-16,12/9/2016 17:51
651,183,169,ELECTRICAL DEPT.,16-Mar-11,7/16/2011 16:05
388,380,161,ELECTRICAL DEPT.,15-Dec-04,2/15/2005 2:19
921,459,238,MECHANICAL DEPT.,13-Dec-03,1/13/2004 0:58
88,69,290,MECHANICAL DEPT.,23-Apr-08,6/23/2008 16:03
529,581,213,ELECTRICAL DEPT.,14-Jul-15,12/14/2015 12:07
868,829,176,ELECTRICAL DEPT.,3-Nov-98,3/3/1999 12:44
846,820,176,ELECTRICAL DEPT.,15-Apr-05,7/15/2005 18:44
188,596,133,ELECTRICAL DEPT.,29-May-17,6/29/2017 22:01
949,71,285,MECHANICAL DEPT.,5-Oct-15,3/5/2016 21:58
319,611,201,ELECTRICAL DEPT.,14-Oct-05,2/14/2006 13:30
279,666,189,ELECTRICAL DEPT.,2-Nov-03,3/2/2004 17:46
281,56,269,MECHANICAL DEPT.,6-Feb-05,6/6/2005 17:51
980,300,206,ELECTRICAL DEPT.,1-Mar-00,8/1/2000 17:07
318,79,197,ELECTRICAL DEPT.,19-Feb-01,5/19/2001 15:23
788,722,274,MECHANICAL DEPT.,3-Nov-07,1/3/2008 12:26
972,224,188,ELECTRICAL DEPT.,13-May-01,6/13/2001 18:55
339,143,340,SOFTWARE DEPT.,5-Mar-16,7/5/2016 20:35
628,450,339,SOFTWARE DEPT.,27-Dec-02,3/27/2003 10:52
604,793,242,MECHANICAL DEPT.,21-Aug-16,9/21/2016 20:42
70,122,158,ELECTRICAL DEPT.,28-Dec-04,5/28/2005 1:05
346,262,244,MECHANICAL DEPT.,11-May-00,7/11/2000 17:56
8,792,343,SOFTWARE DEPT.,25-Nov-15,2/25/2016 12:29
713,123,223,MECHANICAL DEPT.,7-Oct-13,1/7/2014 19:42
522,665,290,MECHANICAL DEPT.,11-Dec-11,2/11/2012 16:44
487,674,263,MECHANICAL DEPT.,10-Jun-16,9/10/2016 18:56
119,580,138,ELECTRICAL DEPT.,7-Mar-16,8/7/2016 11:58
522,945,347,SOFTWARE DEPT.,7-Dec-15,1/7/2016 2:06
130,772,342,SOFTWARE DEPT.,13-May-12,10/13/2012 20:07
896,742,224,MECHANICAL DEPT.,18-Sep-99,2/18/2000 17:25
351,664,339,SOFTWARE DEPT.,17-May-12,9/17/2012 10:52
748,809,247,MECHANICAL DEPT.,16-Jan-99,5/16/1999 13:00
879,285,380,SOFTWARE DEPT.,26-Apr-15,7/26/2015 21:25
440,492,383,SOFTWARE DEPT.,4-Feb-10,5/4/2010 16:11
442,290,137,ELECTRICAL DEPT.,22-Jan-12,2/22/2012 23:21
126,674,255,MECHANICAL DEPT.,16-Dec-02,2/16/2003 7:48
447,763,283,MECHANICAL DEPT.,28-Sep-12,1/28/2013 20:42
261,685,365,SOFTWARE DEPT.,3-Apr-98,8/3/1998 0:30
36,100,284,MECHANICAL DEPT.,28-Feb-11,3/28/2011 12:33
815,60,385,SOFTWARE DEPT.,29-Apr-13,6/29/2013 19:38
760,372,272,MECHANICAL DEPT.,25-Jun-09,10/25/2009 19:25
462,964,276,MECHANICAL DEPT.,12-Jul-11,11/12/2011 4:41
761,624,336,SOFTWARE DEPT.,9-Apr-11,5/9/2011 3:43
130,31,229,MECHANICAL DEPT.,20-Feb-14,6/20/2014 5:49
645,610,398,SOFTWARE DEPT.,2-Nov-17,3/2/2018 14:31
581,236,199,ELECTRICAL DEPT.,11-Dec-03,3/11/2004 13:27
859,282,269,MECHANICAL DEPT.,8-Oct-98,2/8/1999 5:39
601,115,184,ELECTRICAL DEPT.,11-Feb-98,4/11/1998 6:21
180,557,382,SOFTWARE DEPT.,7-Jan-14,5/7/2014 19:12
423,86,257,MECHANICAL DEPT.,2-Jan-14,5/2/2014 16:24
905,435,365,SOFTWARE DEPT.,1-Mar-05,7/1/2005 1:55
584,147,288,MECHANICAL DEPT.,20-May-98,6/20/1998 22:02
486,803,234,MECHANICAL DEPT.,4-Jul-16,11/4/2016 0:04
103,908,293,MECHANICAL DEPT.,23-Nov-08,3/23/2009 22:40
772,853,280,MECHANICAL DEPT.,25-Nov-97,4/25/1998 9:58
409,384,181,ELECTRICAL DEPT.,9-Feb-05,4/9/2005 4:00
979,141,281,MECHANICAL DEPT.,12-Oct-14,3/12/2015 4:08
332,721,293,MECHANICAL DEPT.,15-Nov-14,12/15/2014 18:13
343,35,364,SOFTWARE DEPT.,27-Aug-06,11/27/2006 6:08
292,412,169,ELECTRICAL DEPT.,27-Aug-14,12/27/2014 13:08
419,744,213,ELECTRICAL DEPT.,16-Apr-99,7/16/1999 2:33
595,83,159,ELECTRICAL DEPT.,19-Jan-06,6/19/2006 22:51
527,516,233,MECHANICAL DEPT.,6-Nov-04,4/6/2005 4:56
375,184,375,SOFTWARE DEPT.,26-Dec-04,5/26/2005 14:47
125,51,233,MECHANICAL DEPT.,24-Mar-10,4/24/2010 13:48
594,639,319,SOFTWARE DEPT.,9-Nov-04,1/9/2005 18:14
921,429,168,ELECTRICAL DEPT.,26-Sep-07,2/26/2008 12:38
521,340,331,SOFTWARE DEPT.,13-Mar-00,7/13/2000 20:02
556,622,232,MECHANICAL DEPT.,9-May-09,10/9/2009 19:53
211,586,289,MECHANICAL DEPT.,25-Jan-02,2/25/2002 23:16
415,396,288,MECHANICAL DEPT.,25-Nov-14,3/25/2015 9:33
143,367,316,SOFTWARE DEPT.,18-Sep-03,1/18/2004 20:06
919,763,226,MECHANICAL DEPT.,16-May-00,10/16/2000 18:19
209,853,227,MECHANICAL DEPT.,5-Jun-12,11/5/2012 15:05
937,282,152,ELECTRICAL DEPT.,7-Jan-07,4/7/2007 19:21
542,553,357,SOFTWARE DEPT.,20-Sep-12,1/20/2013 5:32
968,276,272,MECHANICAL DEPT.,20-Jun-04,7/20/2004 7:40
447,956,174,ELECTRICAL DEPT.,10-Nov-99,2/10/2000 6:18
12,88,254,MECHANICAL DEPT.,13-Nov-02,4/13/2003 0:05
712,589,373,SOFTWARE DEPT.,1-Oct-98,1/1/1999 14:40
105,22,243,MECHANICAL DEPT.,8-Apr-04,8/8/2004 4:59
399,928,131,ELECTRICAL DEPT.,21-Mar-10,5/21/2010 20:51
639,354,366,SOFTWARE DEPT.,13-Jan-00,3/13/2000 3:38
883,456,273,MECHANICAL DEPT.,26-Oct-04,11/26/2004 16:31
728,998,331,SOFTWARE DEPT.,1-Mar-16,8/1/2016 11:32
294,729,257,MECHANICAL DEPT.,15-May-08,9/15/2008 18:10
965,917,370,SOFTWARE DEPT.,6-Oct-17,12/6/2017 1:50
776,642,233,MECHANICAL DEPT.,15-Jan-02,4/15/2002 21:23
401,616,283,MECHANICAL DEPT.,18-Jan-16,5/18/2016 18:18
879,26,146,ELECTRICAL DEPT.,15-May-02,7/15/2002 9:55
634,594,386,SOFTWARE DEPT.,3-Jan-06,4/3/2006 18:29
105,379,389,SOFTWARE DEPT.,1-Aug-98,10/1/1998 10:06
350,953,141,ELECTRICAL DEPT.,18-Sep-06,2/18/2007 12:00
293,674,206,ELECTRICAL DEPT.,19-Jul-16,12/19/2016 7:36
470,233,354,SOFTWARE DEPT.,5-Apr-01,8/5/2001 19:46
471,332,345,SOFTWARE DEPT.,8-Jun-08,10/8/2008 19:09
9,577,328,SOFTWARE DEPT.,5-Jan-08,4/5/2008 7:55
73,752,270,MECHANICAL DEPT.,7-Jan-99,6/7/1999 2:18
742,959,256,MECHANICAL DEPT.,27-Nov-08,12/27/2008 7:09
428,180,242,MECHANICAL DEPT.,9-Jun-17,9/9/2017 9:20
265,503,272,MECHANICAL DEPT.,1-Dec-16,5/1/2017 10:32
54,493,135,ELECTRICAL DEPT.,21-Mar-17,5/21/2017 20:22
216,695,139,ELECTRICAL DEPT.,1-Aug-06,10/1/2006 1:01
783,167,333,SOFTWARE DEPT.,1-Jan-10,2/1/2010 0:25
203,409,281,MECHANICAL DEPT.,19-Jun-03,9/19/2003 15:51
840,934,210,ELECTRICAL DEPT.,7-Oct-09,3/7/2010 23:31
730,350,307,MECHANICAL DEPT.,9-Nov-02,2/9/2003 17:27
820,53,360,SOFTWARE DEPT.,13-Jul-00,12/13/2000 13:07
65,227,400,SOFTWARE DEPT.,24-Dec-13,3/24/2014 22:42
552,69,228,MECHANICAL DEPT.,22-Oct-09,2/22/2010 19:39
661,222,134,ELECTRICAL DEPT.,8-Oct-98,12/8/1998 16:34
675,974,309,MECHANICAL DEPT.,13-Dec-00,3/13/2001 4:09
752,992,242,MECHANICAL DEPT.,26-Feb-10,7/26/2010 9:41
323,916,296,MECHANICAL DEPT.,15-Dec-16,3/15/2017 8:22
528,333,327,SOFTWARE DEPT.,25-Dec-05,1/25/2006 18:21
673,414,133,ELECTRICAL DEPT.,26-Oct-03,11/26/2003 7:59
879,355,256,MECHANICAL DEPT.,12-Nov-04,4/12/2005 22:00
779,759,358,SOFTWARE DEPT.,13-Sep-17,2/13/2018 20:56
510,232,396,SOFTWARE DEPT.,14-Jun-12,10/14/2012 13:52
747,81,251,MECHANICAL DEPT.,25-Nov-13,1/25/2014 21:06
485,348,276,MECHANICAL DEPT.,8-Mar-03,7/8/2003 21:17
867,703,387,SOFTWARE DEPT.,25-Apr-09,7/25/2009 16:48
47,379,284,MECHANICAL DEPT.,27-Jun-03,10/27/2003 6:55
703,347,319,SOFTWARE DEPT.,4-Nov-12,2/4/2013 19:08
531,61,227,MECHANICAL DEPT.,4-Oct-08,12/4/2008 12:27
750,93,244,MECHANICAL DEPT.,19-Sep-08,10/19/2008 1:35
554,783,326,SOFTWARE DEPT.,21-Jun-06,9/21/2006 4:31
534,594,339,SOFTWARE DEPT.,1-Apr-14,8/1/2014 3:09
339,419,143,ELECTRICAL DEPT.,26-Feb-98,3/26/1998 2:50
835,848,316,SOFTWARE DEPT.,23-Mar-09,8/23/2009 20:32
713,56,134,ELECTRICAL DEPT.,18-Jun-07,9/18/2007 10:27
540,364,183,ELECTRICAL DEPT.,4-Nov-01,3/4/2002 9:28
94,613,213,ELECTRICAL DEPT.,27-Nov-03,4/27/2004 17:24
867,147,374,SOFTWARE DEPT.,6-Jan-06,2/6/2006 8:38
838,94,213,ELECTRICAL DEPT.,2-Aug-98,11/2/1998 13:42
297,459,320,SOFTWARE DEPT.,2-Jan-02,2/2/2002 18:21
547,685,160,ELECTRICAL DEPT.,15-Mar-08,4/15/2008 14:57
644,315,332,SOFTWARE DEPT.,20-Sep-17,1/20/2018 6:00
583,147,213,ELECTRICAL DEPT.,16-Aug-98,12/16/1998 0:44
421,411,294,MECHANICAL DEPT.,20-Apr-06,8/20/2006 23:37
676,823,361,SOFTWARE DEPT.,15-Jul-03,8/15/2003 22:57
827,101,288,MECHANICAL DEPT.,3-Nov-08,3/3/2009 15:20
119,201,140,ELECTRICAL DEPT.,4-Sep-00,11/4/2000 4:56
982,542,308,MECHANICAL DEPT.,23-Jun-16,11/23/2016 23:15
298,822,337,SOFTWARE DEPT.,1-Jan-12,2/1/2012 9:37
491,770,309,MECHANICAL DEPT.,26-Mar-10,7/26/2010 17:46
136,493,195,ELECTRICAL DEPT.,22-Dec-03,4/22/2004 3:56
788,689,360,SOFTWARE DEPT.,20-May-99,9/20/1999 13:39
95,301,331,SOFTWARE DEPT.,28-May-99,7/28/1999 17:29
667,598,315,SOFTWARE DEPT.,30-Mar-16,4/30/2016 5:55
803,125,354,SOFTWARE DEPT.,2-Sep-16,1/2/2017 17:07
44,215,275,MECHANICAL DEPT.,5-Sep-05,12/5/2005 8:15
783,914,360,SOFTWARE DEPT.,27-Dec-13,1/27/2014 6:01
641,521,330,SOFTWARE DEPT.,1-Jun-07,10/1/2007 22:21
857,499,146,ELECTRICAL DEPT.,27-Mar-13,4/27/2013 4:03
584,27,333,SOFTWARE DEPT.,27-Mar-11,6/27/2011 18:11
53,534,301,MECHANICAL DEPT.,28-Feb-00,3/28/2000 8:15
72,377,261,MECHANICAL DEPT.,20-Aug-07,9/20/2007 4:17
311,828,397,SOFTWARE DEPT.,7-Feb-05,6/7/2005 17:25
958,901,272,MECHANICAL DEPT.,6-Nov-14,12/6/2014 3:00
565,767,301,MECHANICAL DEPT.,7-Dec-16,1/7/2017 11:30
885,706,377,SOFTWARE DEPT.,23-Jun-03,11/23/2003 11:39
744,794,382,SOFTWARE DEPT.,14-Apr-13,6/14/2013 19:26
45,279,351,SOFTWARE DEPT.,29-Aug-08,1/29/2009 23:09
95,172,145,ELECTRICAL DEPT.,25-Dec-04,3/25/2005 4:18
107,471,302,MECHANICAL DEPT.,21-Nov-07,1/21/2008 20:57
126,74,280,MECHANICAL DEPT.,15-Jun-01,7/15/2001 5:59
421,2,167,ELECTRICAL DEPT.,27-Jul-12,12/27/2012 6:15
535,94,285,MECHANICAL DEPT.,23-Oct-12,3/23/2013 0:16
465,235,304,MECHANICAL DEPT.,27-Oct-07,12/27/2007 21:31
120,761,299,MECHANICAL DEPT.,2-Aug-16,9/2/2016 12:58
469,875,323,SOFTWARE DEPT.,22-Jun-15,11/22/2015 1:45
554,844,188,ELECTRICAL DEPT.,20-Oct-16,2/20/2017 22:42
785,200,276,MECHANICAL DEPT.,22-Jan-08,5/22/2008 20:33
933,27,281,MECHANICAL DEPT.,10-Jun-14,10/10/2014 10:23
175,626,260,MECHANICAL DEPT.,7-Jul-12,10/7/2012 2:57
417,455,314,SOFTWARE DEPT.,7-Sep-11,12/7/2011 10:31
996,125,157,ELECTRICAL DEPT.,15-May-05,7/15/2005 16:35
783,471,295,MECHANICAL DEPT.,15-Jul-09,10/15/2009 12:29
475,889,306,MECHANICAL DEPT.,2-Apr-01,5/2/2001 15:02
900,965,329,SOFTWARE DEPT.,26-Oct-16,3/26/2017 7:40
979,219,198,ELECTRICAL DEPT.,14-Jun-00,8/14/2000 20:40
593,905,305,MECHANICAL DEPT.,20-Apr-08,8/20/2008 15:45
622,746,244,MECHANICAL DEPT.,30-Sep-00,12/30/2000 15:34
272,330,183,ELECTRICAL DEPT.,30-May-17,9/30/2017 11:32
17,28,260,MECHANICAL DEPT.,29-Jan-14,4/29/2014 23:16
214,130,361,SOFTWARE DEPT.,17-Jun-04,8/17/2004 2:16
949,170,183,ELECTRICAL DEPT.,5-Mar-11,8/5/2011 0:31
387,83,395,SOFTWARE DEPT.,8-Jun-16,10/8/2016 21:30
712,345,132,ELECTRICAL DEPT.,3-Mar-03,7/3/2003 16:30
189,479,243,MECHANICAL DEPT.,6-Sep-14,1/6/2015 23:35
125,557,240,MECHANICAL DEPT.,17-Jul-06,8/17/2006 16:19
617,925,163,ELECTRICAL DEPT.,8-Mar-10,4/8/2010 22:52
706,56,231,MECHANICAL DEPT.,5-Dec-04,3/5/2005 5:51
414,162,250,MECHANICAL DEPT.,27-May-13,9/27/2013 17:46
431,282,244,MECHANICAL DEPT.,21-Jul-16,12/21/2016 16:45
576,944,299,MECHANICAL DEPT.,17-Dec-08,5/17/2009 18:58
401,392,361,SOFTWARE DEPT.,15-May-04,10/15/2004 14:10
103,933,234,MECHANICAL DEPT.,3-Oct-08,11/3/2008 23:16
271,183,171,ELECTRICAL DEPT.,2-Nov-12,12/2/2012 11:56
840,371,327,SOFTWARE DEPT.,27-Mar-01,8/27/2001 4:38
490,417,168,ELECTRICAL DEPT.,14-Dec-00,2/14/2001 12:19
353,15,385,SOFTWARE DEPT.,19-Mar-03,6/19/2003 6:25
153,769,345,SOFTWARE DEPT.,13-Sep-05,10/13/2005 13:31
755,275,241,MECHANICAL DEPT.,29-Aug-02,9/29/2002 4:32
212,411,373,SOFTWARE DEPT.,15-Nov-07,3/15/2008 12:32
389,731,258,MECHANICAL DEPT.,16-May-03,7/16/2003 5:38
607,641,248,MECHANICAL DEPT.,12-May-11,9/12/2011 15:44
787,208,290,MECHANICAL DEPT.,20-Jul-06,11/20/2006 1:23
316,474,264,MECHANICAL DEPT.,30-Apr-16,5/30/2016 3:04
551,367,239,MECHANICAL DEPT.,23-Apr-13,7/23/2013 12:38
182,196,250,MECHANICAL DEPT.,3-Jul-03,9/3/2003 6:07
450,870,375,SOFTWARE DEPT.,20-May-98,7/20/1998 9:29
117,845,208,ELECTRICAL DEPT.,4-Jan-13,3/4/2013 9:51
6,365,237,MECHANICAL DEPT.,16-Jul-10,8/16/2010 22:38
66,88,317,SOFTWARE DEPT.,19-Jan-10,5/19/2010 17:49
105,587,140,ELECTRICAL DEPT.,28-Jan-99,3/28/1999 1:51
172,130,266,MECHANICAL DEPT.,29-Jan-02,5/29/2002 14:02
344,13,287,MECHANICAL DEPT.,8-Feb-17,7/8/2017 7:06
711,595,302,MECHANICAL DEPT.,25-Jun-16,11/25/2016 22:33
928,490,384,SOFTWARE DEPT.,21-Jun-09,11/21/2009 8:09
807,869,353,SOFTWARE DEPT.,8-Jan-99,6/8/1999 11:00
413,166,361,SOFTWARE DEPT.,3-Sep-04,12/3/2004 11:24
348,99,296,MECHANICAL DEPT.,17-Oct-05,3/17/2006 3:16
358,630,156,ELECTRICAL DEPT.,8-Oct-15,11/8/2015 22:55
28,311,146,ELECTRICAL DEPT.,27-Jan-14,2/27/2014 4:11
335,249,229,MECHANICAL DEPT.,27-Jun-12,10/27/2012 20:51
611,48,307,MECHANICAL DEPT.,24-Jun-08,7/24/2008 17:02
695,83,268,MECHANICAL DEPT.,23-Mar-10,6/23/2010 10:58
90,103,239,MECHANICAL DEPT.,20-Jun-11,10/20/2011 4:44
831,755,169,ELECTRICAL DEPT.,14-May-05,8/14/2005 5:59
200,171,137,ELECTRICAL DEPT.,24-Jun-99,10/24/1999 4:09
478,842,336,SOFTWARE DEPT.,29-Jun-11,8/29/2011 11:41
880,553,176,ELECTRICAL DEPT.,2-May-05,10/2/2005 10:41
850,896,225,MECHANICAL DEPT.,19-Apr-02,5/19/2002 11:19
694,513,205,ELECTRICAL DEPT.,3-Jan-15,5/3/2015 10:26
215,125,176,ELECTRICAL DEPT.,22-Nov-06,12/22/2006 21:16
32,809,370,SOFTWARE DEPT.,5-Apr-11,8/5/2011 22:28
230,60,294,MECHANICAL DEPT.,20-May-12,6/20/2012 22:58
125,837,341,SOFTWARE DEPT.,2-Oct-13,12/2/2013 20:27
265,593,298,MECHANICAL DEPT.,29-Oct-17,2/28/2018 14:31
76,770,348,SOFTWARE DEPT.,9-May-99,8/9/1999 18:38
12,783,353,SOFTWARE DEPT.,29-May-99,10/29/1999 0:01
609,246,398,SOFTWARE DEPT.,31-May-09,10/31/2009 17:59
391,543,169,ELECTRICAL DEPT.,20-Oct-04,2/20/2005 5:46
782,489,294,MECHANICAL DEPT.,22-Mar-12,7/22/2012 16:10
358,149,395,SOFTWARE DEPT.,14-Nov-11,4/14/2012 23:52
728,308,321,SOFTWARE DEPT.,12-Jul-05,11/12/2005 19:06
497,829,308,MECHANICAL DEPT.,20-Aug-99,10/20/1999 11:52
982,504,218,ELECTRICAL DEPT.,24-Dec-09,5/24/2010 8:32
475,479,282,MECHANICAL DEPT.,13-Aug-06,11/13/2006 23:44
234,812,186,ELECTRICAL DEPT.,16-Mar-12,8/16/2012 12:23
960,208,334,SOFTWARE DEPT.,6-Sep-09,12/6/2009 19:42
134,911,359,SOFTWARE DEPT.,3-Dec-04,1/3/2005 0:20
772,19,280,MECHANICAL DEPT.,31-Mar-13,4/30/2013 4:12
953,884,296,MECHANICAL DEPT.,26-Jan-08,4/26/2008 7:43
844,921,180,ELECTRICAL DEPT.,3-Oct-99,11/3/1999 21:42
892,782,385,SOFTWARE DEPT.,6-Dec-12,5/6/2013 7:36
571,868,287,MECHANICAL DEPT.,6-Mar-03,4/6/2003 18:04
268,337,201,ELECTRICAL DEPT.,1-Nov-00,3/1/2001 6:43
314,558,149,ELECTRICAL DEPT.,6-Feb-05,3/6/2005 20:06
98,174,259,MECHANICAL DEPT.,22-Sep-13,2/22/2014 21:51
259,741,152,ELECTRICAL DEPT.,26-Nov-04,1/26/2005 3:07
24,852,167,ELECTRICAL DEPT.,18-Jul-07,8/18/2007 0:59
69,309,245,MECHANICAL DEPT.,2-Oct-07,12/2/2007 17:07
415,263,167,ELECTRICAL DEPT.,13-Dec-97,4/13/1998 12:12
709,231,195,ELECTRICAL DEPT.,5-May-00,9/5/2000 1:16
491,672,222,MECHANICAL DEPT.,3-Mar-14,8/3/2014 6:29
541,496,294,MECHANICAL DEPT.,14-Oct-10,2/14/2011 16:17
813,611,347,SOFTWARE DEPT.,26-Sep-99,1/26/2000 5:35
964,810,306,MECHANICAL DEPT.,16-Feb-02,5/16/2002 7:03
780,124,198,ELECTRICAL DEPT.,9-Dec-02,3/9/2003 12:59
970,66,234,MECHANICAL DEPT.,19-Nov-08,1/19/2009 0:07
830,666,209,ELECTRICAL DEPT.,22-Apr-04,7/22/2004 18:53
530,764,213,ELECTRICAL DEPT.,11-Aug-05,9/11/2005 11:21
987,920,332,SOFTWARE DEPT.,5-Nov-02,3/5/2003 18:58
614,522,185,ELECTRICAL DEPT.,18-Aug-04,10/18/2004 4:41
352,28,339,SOFTWARE DEPT.,7-Oct-01,3/7/2002 6:40
873,365,304,MECHANICAL DEPT.,19-Feb-02,4/19/2002 1:39
100,680,211,ELECTRICAL DEPT.,22-Jan-07,6/22/2007 3:41
761,473,373,SOFTWARE DEPT.,9-Apr-98,9/9/1998 9:58
416,191,156,ELECTRICAL DEPT.,29-Dec-15,4/29/2016 18:33
942,358,149,ELECTRICAL DEPT.,28-Aug-14,9/28/2014 12:58
501,728,314,SOFTWARE DEPT.,24-Sep-17,2/24/2018 8:59
68,476,255,MECHANICAL DEPT.,25-Sep-13,11/25/2013 17:12
471,450,233,MECHANICAL DEPT.,17-Mar-16,6/17/2016 5:55
725,229,137,ELECTRICAL DEPT.,22-Jun-15,8/22/2015 15:31
402,243,139,ELECTRICAL DEPT.,3-Jun-13,10/3/2013 23:05
679,524,142,ELECTRICAL DEPT.,6-Mar-10,6/6/2010 14:24
853,377,326,SOFTWARE DEPT.,23-May-11,7/23/2011 13:59
176,678,338,SOFTWARE DEPT.,6-Jan-08,2/6/2008 1:16
474,927,135,ELECTRICAL DEPT.,18-Mar-14,7/18/2014 10:20
12,801,224,MECHANICAL DEPT.,6-Nov-14,12/6/2014 5:51
832,897,261,MECHANICAL DEPT.,31-Dec-98,3/31/1999 6:25
460,424,306,MECHANICAL DEPT.,16-Jun-00,7/16/2000 18:43
227,589,209,ELECTRICAL DEPT.,28-Jul-12,9/28/2012 12:54
563,56,381,SOFTWARE DEPT.,17-Nov-16,2/17/2017 22:41
712,22,160,ELECTRICAL DEPT.,14-Feb-14,3/14/2014 5:10
324,832,231,MECHANICAL DEPT.,31-Dec-09,3/31/2010 16:17
851,763,347,SOFTWARE DEPT.,26-Oct-08,2/26/2009 12:48
86,171,134,ELECTRICAL DEPT.,4-Jan-98,2/4/1998 12:13
71,604,339,SOFTWARE DEPT.,29-Dec-10,4/29/2011 7:32
356,848,173,ELECTRICAL DEPT.,9-Jan-02,2/9/2002 14:08
651,48,259,MECHANICAL DEPT.,25-Jun-14,8/25/2014 17:52
705,407,378,SOFTWARE DEPT.,19-Jun-04,11/19/2004 4:22
91,745,294,MECHANICAL DEPT.,23-Feb-08,7/23/2008 9:03
273,641,227,MECHANICAL DEPT.,4-Feb-12,3/4/2012 17:08
96,681,377,SOFTWARE DEPT.,11-Aug-04,10/11/2004 15:32
326,328,206,ELECTRICAL DEPT.,13-Feb-00,4/13/2000 8:24
496,976,232,MECHANICAL DEPT.,21-Oct-12,11/21/2012 23:06
597,575,163,ELECTRICAL DEPT.,3-Oct-00,3/3/2001 14:28
444,757,314,SOFTWARE DEPT.,8-Nov-98,4/8/1999 19:16
332,193,311,SOFTWARE DEPT.,27-Sep-16,11/27/2016 1:42
470,3,208,ELECTRICAL DEPT.,11-Jun-03,11/11/2003 5:14
988,571,211,ELECTRICAL DEPT.,22-Nov-14,4/22/2015 12:52
317,629,326,SOFTWARE DEPT.,17-Feb-06,6/17/2006 13:41
686,636,171,ELECTRICAL DEPT.,15-Apr-13,5/15/2013 15:07
415,738,164,ELECTRICAL DEPT.,5-Apr-01,8/5/2001 22:25
379,585,221,MECHANICAL DEPT.,7-Aug-02,10/7/2002 1:21
508,11,235,MECHANICAL DEPT.,24-Jul-15,8/24/2015 11:48
256,520,324,SOFTWARE DEPT.,21-Mar-06,6/21/2006 7:23
267,259,225,MECHANICAL DEPT.,17-Jul-00,11/17/2000 23:46
350,540,362,SOFTWARE DEPT.,7-Nov-16,3/7/2017 0:29
466,598,248,MECHANICAL DEPT.,21-Aug-16,12/21/2016 22:33
985,452,243,MECHANICAL DEPT.,25-Jul-02,11/25/2002 14:03
711,798,189,ELECTRICAL DEPT.,18-May-16,6/18/2016 13:59
692,741,202,ELECTRICAL DEPT.,26-Oct-14,2/26/2015 11:04
758,226,318,SOFTWARE DEPT.,23-Mar-14,8/23/2014 4:26
504,963,189,ELECTRICAL DEPT.,18-Apr-06,9/18/2006 10:14
806,363,286,MECHANICAL DEPT.,29-Jan-03,6/29/2003 12:43
508,71,261,MECHANICAL DEPT.,8-Aug-05,1/8/2006 15:38
78,841,309,MECHANICAL DEPT.,12-Sep-15,2/12/2016 15:18
627,892,234,MECHANICAL DEPT.,26-Jul-09,8/26/2009 19:30
128,867,309,MECHANICAL DEPT.,25-Aug-12,9/25/2012 21:00
436,196,343,SOFTWARE DEPT.,25-Jan-03,3/25/2003 10:17
340,72,371,SOFTWARE DEPT.,6-Sep-00,1/6/2001 19:41
115,858,386,SOFTWARE DEPT.,14-Mar-07,5/14/2007 11:12
160,459,148,ELECTRICAL DEPT.,6-Nov-16,2/6/2017 10:18
